method,scenario,comm_profile,N,episodes,collision_rate,collisions_mean,collisions_p95,min_sep_p05_mean,min_sep_min_mean,completion_rate_mean,mean_time_to_goal_mean,deadlock_time_pct_mean,planner_ms_mean,planner_ms_p95
baseline_goal,funnel,ideal_50hz,10,3,1.0,6972.0,9184.0,-0.8061457172362861,-0.969090991000486,0.2333333333333333,31.417777777777776,0.5667222222222222,0.0005579596661982655,0.0005639853387910786
baseline_goal,funnel,realistic_v2v_50hz,10,3,1.0,6972.0,9184.0,-0.8061457172362861,-0.969090991000486,0.2333333333333333,31.417777777777776,0.5667222222222222,0.00058544156696986,0.0006041110092180274
baseline_goal,intersection,ideal_50hz,10,3,1.0,2748.6666666666665,3738.0,-1.0262346326782612,-1.0947046824914761,1.0,27.53,0.002170767762056899,0.0005426597649133025,0.0005504078191565546
baseline_goal,intersection,realistic_v2v_50hz,10,3,1.0,2748.6666666666665,3738.0,-1.0262346326782612,-1.0947046824914761,1.0,27.53,0.002170767762056899,0.0005747704411752964,0.0006123052297204668
orca_expert,funnel,ideal_50hz,10,4,1.0,54.25,109.0,0.20000522372495505,-0.46298013977219454,0.25,32.37666666666667,0.549825,0.07975795982763546,0.08739240198097256
orca_expert,funnel,realistic_v2v_50hz,10,3,1.0,53.333333333333336,104.0,0.28526855103233995,-0.3575156313761543,0.2333333333333333,32.062222222222225,0.5616444444444445,0.08287454068534918,0.08875141348835033
orca_expert,intersection,ideal_50hz,10,3,1.0,492.0,1354.0,-0.12793338834894877,-0.8469348815579156,0.9666666666666667,28.88214814814815,0.01600788290407475,0.062743302738433,0.06400150819202141
orca_expert,intersection,realistic_v2v_50hz,10,3,1.0,317.6666666666667,466.0,-0.38870500238639466,-0.8487032178375727,1.0,28.816666666666663,0.002404380964529798,0.06421249255520513,0.0651722053416254
